﻿<?xml version="1.0" encoding="utf-8" ?>
<Controls>
  <Assignations>
    <Control Text="Scripter_Assignation_Custom" Code="prop = value" IsNotEditable="false" CanHaveChild="false"/>
  </Assignations>
  <Blocks>
    <Control Text="Scripter_Block_AI" Code="ai_will_do = {}" IsNotEditable="true" CanHaveChild="true"/>
    <Control Text="Scripter_Block_Reward" Code="completion_reward = {}" IsNotEditable="true" CanHaveChild="true"/>
    <Control Text="Scripter_Block_Available" Code="available = {}" IsNotEditable="true" CanHaveChild="true"/>
    <Control Text="Scripter_Block_Bypass" Code="bypass = {}" IsNotEditable="true" CanHaveChild="true"/>
    <Control Text="Scripter_Block_Cancel" Code="cancel = {}" IsNotEditable="true" CanHaveChild="true"/>
    <Control Text="Scripter_Block_Custom" Code="block_name = {}" IsNotEditable="false" CanHaveChild="true"/>
  </Blocks>
  <Conditions>
    <Control Text="Scripter_Condition_If" Code="if = {}" IsNotEditable="true" CanHaveChild="true"/>
    <Control Text="Scripter_Condition_AND" Code="AND = {}" IsNotEditable="true" CanHaveChild="true"/>
    <Control Text="Scripter_Condition_OR" Code="OR = {}" IsNotEditable="true" CanHaveChild="true"/>
    <Control Text="Scripter_Condition_NOT" Code="NOT = {}" IsNotEditable="true" CanHaveChild="true"/>
    <Control Text="Scripter_Condition_Limit" Code="limit = {}" IsNotEditable="true" CanHaveChild="true"/>
  </Conditions>
</Controls>